fixture_id,difficulty,frame_detection_ok,auto_pass_frames,manual_fix_frames,anchor_fix_frames,mask_fix_frames,crop_fix_frames,ownership_fix_frames,vfx_clipping_frames,neighbor_contamination_frames,scale_review_frames,palette_review_frames,export_ok,manual_minutes,spriterepair_minutes,time_saved_pct,final_sheet_status
gpt_sheet_001,"short_sword,cape",True,4,12,0,0,0,0,0,1,6,5,True,32.0,0.25,,REVIEWED
gpt_sheet_002,"spear,long_hair",True,2,14,1,0,0,0,0,0,9,4,True,32.0,0.23,99.3,REVIEWED
gpt_sheet_003,"fire,large_vfx,imperfect_solid_bg",True,6,10,2,0,0,0,0,1,6,1,True,32.0,0.18,99.4,REVIEWED
gpt_sheet_004,"ice,projectile,imperfect_solid_bg",True,3,13,1,0,0,0,0,1,10,1,True,32.0,0.15,99.5,REVIEWED
gpt_sheet_005,"lightning_beam,large_vfx,imperfect_solid_bg",True,2,14,1,0,0,0,0,1,12,0,True,32.0,0.25,99.2,REVIEWED
gpt_sheet_006,"great_sword,large_silhouette_change,imperfect_solid_bg",True,3,13,1,0,0,0,0,2,10,0,True,32.0,0.15,99.5,REVIEWED
gpt_sheet_007,"hand_to_hand,jump,imperfect_solid_bg",True,5,11,0,0,0,0,0,0,6,5,True,32.0,0.16,99.5,REVIEWED
gpt_sheet_008,"large_explosion,vfx_below_feet,imperfect_solid_bg",True,2,14,1,0,0,0,0,1,11,1,True,32.0,0.16,99.5,REVIEWED
gpt_sheet_009,"bow,projectile,ground_shadow",True,10,6,5,0,0,0,0,0,0,1,True,32.0,0.06,99.8,REVIEWED
gpt_sheet_010,"spin,skirt",True,7,9,1,0,0,0,0,0,5,3,True,32.0,0.07,99.8,REVIEWED
gpt_sheet_011,"skirt,coat",True,15,1,1,0,0,0,0,0,0,0,True,32.0,0.07,99.8,REVIEWED
gpt_sheet_012,"coat,transparent_bg",True,14,2,2,0,0,0,0,0,0,0,True,32.0,0.08,99.8,REVIEWED
gpt_sheet_013,"transparent_bg,vfx_below_feet",True,13,3,3,0,0,0,0,0,0,0,True,32.0,0.08,99.8,REVIEWED
gpt_sheet_014,"vfx_below_feet,large_silhouette_change",True,13,3,3,0,0,0,0,0,0,0,True,32.0,0.08,99.8,REVIEWED
gpt_sheet_015,"large_silhouette_change,ground_shadow",True,13,3,3,0,0,0,0,0,0,0,True,32.0,0.09,99.7,REVIEWED
gpt_sheet_016,"ground_shadow,dash",True,11,5,2,0,0,0,0,0,3,0,True,32.0,0.08,99.8,REVIEWED
gpt_sheet_017,"dash,spin",True,14,2,2,0,0,0,0,0,0,0,True,32.0,0.09,99.7,REVIEWED
gpt_sheet_018,"spin,skirt",True,10,6,1,0,0,0,0,0,5,0,True,32.0,0.09,99.7,REVIEWED
gpt_sheet_019,"skirt,coat",True,14,2,2,0,0,0,0,0,0,0,True,32.0,0.08,99.8,REVIEWED
gpt_sheet_020,"coat,transparent_bg",True,15,1,1,0,0,0,0,0,0,0,True,32.0,0.07,99.8,REVIEWED
gpt_sheet_021,"transparent_bg,vfx_below_feet",True,14,2,2,0,0,0,0,0,0,0,True,32.0,0.08,99.8,REVIEWED
gpt_sheet_022,"vfx_below_feet,large_silhouette_change",True,12,4,1,0,0,0,0,0,3,0,True,32.0,0.08,99.8,REVIEWED
gpt_sheet_023,"large_silhouette_change,ground_shadow",True,11,5,1,0,0,0,0,0,4,0,True,32.0,0.07,99.8,REVIEWED
gpt_sheet_024,"ground_shadow,dash",True,15,1,1,0,0,0,0,0,0,0,True,32.0,0.07,99.8,REVIEWED
gpt_sheet_025,"dash,spin",True,15,1,1,0,0,0,0,0,0,0,True,32.0,0.07,99.8,REVIEWED
gpt_sheet_026,"spin,skirt",True,14,2,2,0,0,0,0,0,0,0,True,32.0,0.07,99.8,REVIEWED
gpt_sheet_027,"skirt,coat",True,13,3,3,0,0,0,0,0,0,0,True,32.0,0.07,99.8,REVIEWED
